No,Name,TYPE
1,A,
2,B,
3,C,
4,D,
5,E,
6,F,
7,G,
8,H,
9,I,
10,J,
11,K,
12,L,
13,M,
14,N,
15,O,
16,P,
17,Q,
18,R,
19,S,
20,T,
21,U,
22,V,
23,W,
24,X,
25,Y,
26,Z,
27,A,
28,,
29,,
30,,
31,,
32,,
33,,
34,,
35,,
36,,
37,,
38,,
39,,
40,,
41,,
42,,
43,,
44,,
45,,
46,,
47,,
48,,
49,,
50,,
51,,
52,,
53,,
54,,
55,,
56,,
57,,
58,,
59,,
60,,
61,,
62,,
63,,
64,,
65,,
66,,
67,,
68,,
69,,
70,,
71,,
72,,
73,,
74,,
75,,
76,,
77,,
78,,
79,,
80,,
81,,
82,,
83,,
84,,
85,,
86,,
87,,
88,,
89,,
90,,
91,,
92,,
93,,
94,,
95,,
96,,
97,,
98,,
99,,
100,,
